{"train_loss":4.887480944395065,"train_acc":2.685546875,"learning_rate":0.029992598405485973,"_timestamp":1.7494654610125613e+09,"_runtime":340.983352079,"_step":2,"epoch":2,"_wandb":{"runtime":390}}