{"train_acc":0.537109375,"learning_rate":0.02999917754048268,"_timestamp":1.7490994445769463e+09,"_runtime":428.1537679,"_wandb":{"runtime":814},"_step":0,"epoch":0,"train_loss":6.262651175260544}